"['iネ放u', '屡猡礁', '菌v乜v', '美ゅ]┮', '美ゅ]┮', 'iネ放u', '虫óC萝', 'め~今C', 'iネ放u', 'め~今C', 'v毙Hヵ', 'v毙Hヵ', '美ゅ]┮', '美ゅ]┮', '美ゅ]┮', 'め~今C', '美ゅ]┮', '美ゅ]┮', '美ゅ]┮', '美ゅ]┮', 'ㄤ\u3000\u3000L', '美ゅ]┮', '虫óC萝', 'め~今C', 'v毙Hヵ', '美ゅ]┮', 'め~今C', '克l@C', 'め~今C', '虫óC萝', 'め~今C', '菌v乜v', '屡猡礁', '虫óC萝', 'め~今C', '美ゅ]┮', '美ゅ]┮', '美ゅ]┮', 'v毙Hヵ', '虫óC萝', '美ゅ]┮', 'iネ放u', '菌v乜v', 'v毙Hヵ', 'v毙Hヵ', '美ゅ]┮', 'め~今C', 'め~今C', '美ゅ]┮', 'v毙Hヵ', '菌v乜v', '菌v乜v', 'v毙Hヵ', '虫óC萝', '菌v乜v', '菌v乜v', '美ゅ]┮', 'め~今C']",,
,,
,,
,1,iネ放u
,2,屡猡礁'
,3,菌v乜v
,4,美ゅ]┮
,5,虫óC萝'
,6,め~今C
,7,v毙Hヵ
,8,ㄤ\u3000\u3000L
,9,'菌v乜v'
,10,そ@美N
,11,Ku“
